2021-08-04T05:53:07-07:00,BARELY_KNOW_HER
2021-08-04T05:55:06-07:00,JUDY
2021-08-04T05:55:35-07:00,JUDY
2021-08-04T05:55:56-07:00,JUDY
2021-08-04T05:56:31-07:00,BARELY_KNOW_HER
2021-08-04T06:00:38-07:00,BUZZBUZZ
2021-08-04T06:02:06-07:00,JUDY
2021-08-04T06:02:08-07:00,JUDY
2021-08-04T06:02:27-07:00,JUDY
2021-08-04T06:03:13-07:00,BARELY_KNOW_HER
2021-08-04T06:05:02-07:00,JUDY
2021-08-04T06:05:23-07:00,JUDY
2021-08-04T06:06:06-07:00,BARELY_KNOW_HER
2021-08-04T06:07:23-07:00,JUDY
2021-08-04T06:07:43-07:00,JUDY
2021-08-04T06:07:52-07:00,JUDY
2021-08-04T06:09:37-07:00,BARELY_KNOW_HER
2021-08-04T06:11:26-07:00,BUZZBUZZ
2021-08-04T06:12:48-07:00,JUDY
2021-08-04T06:13:05-07:00,JUDY
2021-08-04T06:13:15-07:00,JUDY
2021-08-04T06:14:17-07:00,BARELY_KNOW_HER
2021-08-04T06:24:09-07:00,BUZZBUZZ
2021-08-04T06:25:53-07:00,JUDY
2021-08-04T06:26:21-07:00,JUDY
2021-08-04T06:26:27-07:00,JUDY
2021-08-04T06:27:20-07:00,BARELY_KNOW_HER
2021-08-04T06:28:42-07:00,JUDY
2021-08-04T06:29:16-07:00,JUDY
2021-08-04T06:29:24-07:00,JUDY
2021-08-04T06:30:37-07:00,BARELY_KNOW_HER
2021-08-04T06:31:46-07:00,BUZZBUZZ
2021-08-04T06:34:31-07:00,JUDY
2021-08-04T06:34:56-07:00,JUDY
2021-08-04T06:35:02-07:00,JUDY
2021-08-04T06:36:05-07:00,BARELY_KNOW_HER
2021-08-04T06:37:23-07:00,BUZZBUZZ
2021-08-04T06:38:13-07:00,JUDY
2021-08-04T06:38:33-07:00,JUDY
2021-08-04T06:38:38-07:00,JUDY
2021-08-04T06:39:39-07:00,BARELY_KNOW_HER
2021-08-04T06:40:36-07:00,JUDY
2021-08-04T06:41:11-07:00,JUDY
2021-08-04T06:41:19-07:00,JUDY
2021-08-04T06:42:15-07:00,BARELY_KNOW_HER
2021-08-04T06:43:53-07:00,BARELY_KNOW_HER
2021-08-04T06:44:59-07:00,JUDY
2021-08-04T06:45:16-07:00,JUDY
2021-08-04T06:46:47-07:00,BARELY_KNOW_HER
2021-08-04T06:49:06-07:00,BUZZBUZZ
2021-08-04T06:49:07-07:00,BUZZBUZZ
2021-08-04T06:51:03-07:00,JUDY
2021-08-04T06:51:41-07:00,JUDY
2021-08-04T06:51:47-07:00,JUDY
2021-08-04T06:53:16-07:00,BARELY_KNOW_HER
2021-08-04T06:57:50-07:00,BARELY_KNOW_HER
2021-08-04T06:59:31-07:00,BUZZBUZZ
2021-08-04T06:59:57-07:00,BUZZBUZZ
2021-08-04T07:02:27-07:00,JUDY
2021-08-04T07:02:42-07:00,JUDY
2021-08-04T07:03:35-07:00,BARELY_KNOW_HER
2021-08-04T07:04:37-07:00,JUDY
2021-08-04T07:05:50-07:00,JUDY
2021-08-04T07:06:05-07:00,JUDY
2021-08-04T07:07:35-07:00,BARELY_KNOW_HER
2021-08-04T07:08:58-07:00,BARELY_KNOW_HER
2021-08-04T07:09:45-07:00,JUDY
2021-08-04T07:10:17-07:00,JUDY
2021-08-04T07:10:24-07:00,JUDY
2021-08-04T07:11:16-07:00,BARELY_KNOW_HER
2021-08-04T07:12:10-07:00,JUDY
2021-08-04T07:12:47-07:00,JUDY
2021-08-04T07:12:50-07:00,JUDY
2021-08-04T07:13:46-07:00,BARELY_KNOW_HER