2021-08-03T06:23:29-07:00,BUZZBUZZ
2021-08-03T06:25:17-07:00,JUDY
2021-08-03T06:25:42-07:00,JUDY
2021-08-03T06:25:59-07:00,JUDY
2021-08-03T06:27:28-07:00,FLIPPER
2021-08-03T06:29:30-07:00,JUDY
2021-08-03T06:29:49-07:00,JUDY
2021-08-03T06:29:54-07:00,JUDY
2021-08-03T06:31:07-07:00,BARELY_KNOW_HER
2021-08-03T06:31:56-07:00,JUDY
2021-08-03T06:32:13-07:00,JUDY
2021-08-03T06:32:18-07:00,JUDY
2021-08-03T06:34:52-07:00,BARELY_KNOW_HER
2021-08-03T06:36:44-07:00,JUDY
2021-08-03T06:37:16-07:00,JUDY
2021-08-03T06:37:22-07:00,JUDY
2021-08-03T06:38:00-07:00,BUZZBUZZ
2021-08-03T06:39:19-07:00,JUDY
2021-08-03T06:39:42-07:00,JUDY
2021-08-03T06:39:50-07:00,JUDY
2021-08-03T06:40:17-07:00,BARELY_KNOW_HER
2021-08-03T06:41:29-07:00,JUDY
2021-08-03T06:41:54-07:00,JUDY
2021-08-03T06:42:04-07:00,JUDY
2021-08-03T06:42:44-07:00,BARELY_KNOW_HER
2021-08-03T06:43:44-07:00,BUZZBUZZ
2021-08-03T06:43:45-07:00,BUZZBUZZ
2021-08-03T06:44:33-07:00,JUDY
2021-08-03T06:44:48-07:00,JUDY
2021-08-03T06:47:33-07:00,BUZZBUZZ
2021-08-03T06:48:46-07:00,JUDY
2021-08-03T06:49:06-07:00,JUDY
2021-08-03T06:49:13-07:00,JUDY
2021-08-03T06:49:51-07:00,BARELY_KNOW_HER
2021-08-03T06:51:19-07:00,JUDY
2021-08-03T06:51:29-07:00,JUDY
2021-08-03T06:52:32-07:00,BARELY_KNOW_HER
2021-08-03T06:54:00-07:00,JUDY
2021-08-03T06:54:21-07:00,JUDY
2021-08-03T06:54:59-07:00,BARELY_KNOW_HER
2021-08-03T06:56:59-07:00,BUZZBUZZ
2021-08-03T06:57:40-07:00,JUDY
2021-08-03T06:57:47-07:00,JUDY
2021-08-03T06:58:50-07:00,BARELY_KNOW_HER
2021-08-03T06:59:54-07:00,JUDY
2021-08-03T07:00:24-07:00,JUDY
2021-08-03T07:00:29-07:00,JUDY
2021-08-03T07:00:42-07:00,BARELY_KNOW_HER
2021-08-03T07:02:01-07:00,JUDY
2021-08-03T07:02:48-07:00,JUDY
2021-08-03T07:03:00-07:00,JUDY
2021-08-03T07:03:27-07:00,BARELY_KNOW_HER
2021-08-03T07:04:31-07:00,BUZZBUZZ
2021-08-03T07:05:01-07:00,JUDY
2021-08-03T07:05:09-07:00,JUDY
2021-08-03T07:06:48-07:00,BARELY_KNOW_HER
2021-08-03T07:08:12-07:00,JUDY
2021-08-03T07:08:24-07:00,JUDY
2021-08-03T07:09:20-07:00,BARELY_KNOW_HER
2021-08-03T07:10:27-07:00,BARELY_KNOW_HER
2021-08-03T07:11:21-07:00,JUDY
2021-08-03T07:11:45-07:00,JUDY
2021-08-03T07:11:53-07:00,JUDY
2021-08-03T07:12:15-07:00,BUZZBUZZ
2021-08-03T07:13:41-07:00,JUDY
2021-08-03T07:13:59-07:00,JUDY
2021-08-03T07:14:13-07:00,JUDY
2021-08-03T07:15:10-07:00,BARELY_KNOW_HER
2021-08-03T07:16:01-07:00,JUDY
2021-08-03T07:16:24-07:00,JUDY
2021-08-03T07:16:30-07:00,JUDY
2021-08-03T07:17:03-07:00,BARELY_KNOW_HER
2021-08-03T07:18:20-07:00,BUZZBUZZ
2021-08-03T07:19:04-07:00,JUDY
2021-08-03T07:19:17-07:00,JUDY
2021-08-03T07:20:47-07:00,BUZZBUZZ
2021-08-03T07:21:31-07:00,BUZZBUZZ
2021-08-03T07:21:57-07:00,JUDY
2021-08-03T07:22:00-07:00,JUDY
2021-08-03T07:22:57-07:00,BARELY_KNOW_HER
2021-08-03T07:23:43-07:00,BARELY_KNOW_HER
2021-08-03T07:24:18-07:00,BUZZBUZZ
2021-08-03T07:24:51-07:00,JUDY
2021-08-03T07:24:55-07:00,JUDY
2021-08-03T07:25:51-07:00,BARELY_KNOW_HER
2021-08-03T07:26:47-07:00,JUDY
2021-08-03T07:27:13-07:00,JUDY
2021-08-03T07:27:20-07:00,JUDY
2021-08-03T07:28:08-07:00,BARELY_KNOW_HER
2021-08-03T07:29:16-07:00,BUZZBUZZ
2021-08-03T07:30:03-07:00,JUDY
2021-08-03T07:30:14-07:00,JUDY
2021-08-03T07:31:50-07:00,BARELY_KNOW_HER
2021-08-03T07:33:23-07:00,JUDY
2021-08-03T07:33:39-07:00,JUDY
2021-08-03T07:33:44-07:00,JUDY